allergen_a,allergen_b,n_pos_a,n_pos_b,n11,n10,n01,n00,phi,odds_ratio,fisher_p,n11_null_mean,n11_null_sd,excess,z_adj,p_perm,fdr_q_unadj,fdr_q_adj,n_prot_a,n_prot_b,n_combinations,same_family_any,identity_global_max,identity_global_top3,window80_max,window80_top3,kmer6_max,kmer6_top3,kmer8_max,kmer8_top3,z_identity_global_max,null_identity_global_max_mean,z_identity_global_top3,null_identity_global_top3_mean,z_window80_max,null_window80_max_mean,z_window80_top3,null_window80_top3_mean,z_kmer6_max,null_kmer6_max_mean,z_kmer6_top3,null_kmer6_top3_mean,z_kmer8_max,null_kmer8_max_mean,z_kmer8_top3,null_kmer8_top3_mean,z_same_family_max,null_same_family_max_mean,z_same_family_top3,null_same_family_top3_mean,quadrant
Egg Yolk,Peanut,14,14,7,7,7,384,0.4820971867007673,51.266666666666666,3.137235447217292e-08,2.75198,1.321917576704387,4.24802,3.2135286457046344,0.0033999320013599,3.8716138367236186e-07,0.0733600712601132,2,12,24,0,0.5277777777777778,0.4914841849148419,0.25,0.2416666666666666,0,0.0,0,0.0,0.24911789101325557,0.4883502527980354,0.8596787663085825,0.41339211121354946,-1.0141211306358286,0.4759387500000045,-0.7973416085255067,0.34994875000000086,-0.3505731745795635,11.402,-0.37655442830132324,4.598633333333346,-0.2709305299102947,7.9996,-0.2909629161227433,3.0860999999999925,-1.207063567921117,0.593,-0.9805412846795211,0.32016666666667243,cosensitised_not_similar
Rice,Strawberry,25,21,10,15,11,369,0.4027374900630132,21.76577840112202,2.667362479162733e-08,6.01092,1.7949152496984373,3.98908,2.222433622239381,0.0271794564108717,3.562834168595936e-07,0.2722799115446263,7,3,21,0,0.3740458015267175,0.3477523324851568,0.2125,0.2041666666666667,0,0.0,0,0.0,-0.6795899864845927,0.4816699911132758,-0.6782878686218242,0.40515635122776045,-1.102039654692589,0.46048000000000167,-1.0056577556731643,0.33364166666666684,-0.3427329747763332,10.6481,-0.36442857193802564,4.122266666666664,-0.2638808524209019,7.4416,-0.28001337672442483,2.770466666666659,-1.1149701193219077,0.5542,-0.9273257548309684,0.2851333333333361,cosensitised_not_similar
Peanut,Potato,14,34,9,5,25,366,0.3813672799894838,24.825311942959,1.0599944549293808e-07,5.36568,1.6697658930520762,3.63432,2.1765446372587114,0.0306393872122557,1.0766812194640474e-06,0.301556074141675,12,2,24,0,0.3563829787234042,0.3277351675349172,0.225,0.1875,0,0.0,0,0.0,-0.8352254443036453,0.49054848948461494,-0.9451027821545027,0.4144962839066511,-1.1162748893577554,0.4774750000000028,-1.187635540443987,0.3510154166666666,-0.35334466042925766,12.0282,-0.38148580982947616,4.799100000000008,-0.2743060708530679,8.5157,-0.29556802278161143,3.2508666666666515,-1.215607129691248,0.5964,-0.9875193487577243,0.3240000000000055,cosensitised_not_similar
Peanut,Wheat Flour,14,16,6,8,10,381,0.3779360498689634,27.7843137254902,3.419208764283372e-06,3.06238,1.390039112974883,2.93762,2.1133362166429057,0.0443591128177436,2.42807103387718e-05,0.3828532660116028,12,5,60,0,0.4722222222222222,0.4250130412102242,0.325,0.2833333333333334,1,0.3333333333333333,0,0.0,-0.7719535360697694,0.6041498311831748,-0.7035345147041214,0.5055068984554819,-1.5706676175757697,0.6446137500000058,-1.388260106898517,0.5042150000000012,-0.518834892500198,26.3545,-0.5938708462419401,11.768133333333287,-0.42737055993405426,19.4568,-0.4747327327106744,8.033000000000007,-2.8045049878633406,0.8872,-1.9482169198708064,0.6781000000000065,cosensitised_not_similar
Mulberry,Rice,26,25,11,15,14,365,0.3932661617246986,18.701890989988875,1.9801148991391933e-08,7.1199,1.9029566442775296,3.8801,2.038984971974023,0.0400591988160236,2.777111146042718e-07,0.3613118362632747,3,7,21,0,0.4945054945054945,0.4088565362450713,0.2125,0.1875,0,0.0,0,0.0,0.08264185887046471,0.4814754305772278,0.03482585632669614,0.40589195673763756,-1.110381841581655,0.4612200000000042,-1.1393788210378986,0.3336574999999991,-0.34205913925457854,10.8998,-0.36120742756884944,4.214066666666664,-0.26722978899227073,7.6521,-0.2817944017903895,2.8507333333333262,-1.1251809532945902,0.5587,-0.9293665550765374,0.2827333333333378,cosensitised_not_similar
Cherry,Rice,13,25,7,6,18,374,0.3607424156838731,23.35758835758836,1.9215106142041666e-06,4.0513,1.5183768669207245,2.9487,1.9420079851321608,0.0544589108217835,1.4372899394247169e-05,0.431092223225958,4,7,28,0,0.3740458015267175,0.3639981731584785,0.2875,0.2625,0,0.0,0,0.0,-0.842665028685699,0.511545307334978,-0.7035687085553305,0.42860723315343113,-0.9825272184120567,0.5082262500000009,-0.7895481740052859,0.3718999999999998,-0.3966997432749879,13.2721,-0.4212631294014211,5.323166666666689,-0.30610882634513314,9.2625,-0.32519068065989043,3.5472999999999986,-1.3886171850716913,0.6585,-1.099058502930937,0.3664333333333383,cosensitised_not_similar
Fig,Wheat Flour,8,16,4,4,12,385,0.3355782340389458,30.84,0.0001046772450809,1.8905,1.1262636236689878,2.1095,1.873007309894249,0.0795584088318233,0.0004368550664888,0.5205454030454274,13,5,65,0,0.4112903225806452,0.3729848520524291,0.2625,0.2583333333333333,1,0.3333333333333333,0,0.0,-1.1633705391922835,0.6093877044808185,-1.1855541380303358,0.5136249199960109,-1.9196280011049238,0.6510912500000028,-1.589826511976884,0.5166945833333318,-0.5365872917749197,26.8554,-0.6093357930818336,12.372333333333245,-0.4423964044852146,19.7776,-0.48860917410894167,8.424433333333326,-2.9383518114778933,0.8962,-2.056163629456114,0.7082000000000056,cosensitised_not_similar
String Bean,Wheat Flour,13,16,5,8,11,381,0.3226305033146345,21.46547314578005,5.2670275218198494e-05,2.8909,1.352064048039146,2.1091,1.5599113097184698,0.117797644047119,0.0002441985487389,0.623438474626734,8,5,40,0,0.3533834586466165,0.3324341387820697,0.225,0.2208333333333333,1,0.3333333333333333,0,0.0,-1.184714343277301,0.5573995579647096,-1.2601832537355235,0.463919854934005,-1.590956682689448,0.5776212500000036,-1.3909310720119235,0.43373000000000084,-0.43585578703418876,19.8371,-0.4824630069383767,8.334999999999972,-0.3625092792198392,14.4532,-0.3921701863735873,5.704800000000018,-1.903472749136076,0.7837,-1.412886132273512,0.5096333333333333,cosensitised_not_similar
Kiwi,Tomato,12,19,1,11,18,375,0.0300964945973047,2.6474735605170387,0.4427698445238012,3.09656,1.377619746664514,-2.09656,-1.5218713328378028,0.9814603707925842,0.5307561597817361,1.0,7,2,14,1,0.8715596330275229,0.6168127760788312,0.875,0.6208333333333333,47,22.666666666666668,35,14.666666666666666,2.9322210160577424,0.4423473147565705,3.1936168010579964,0.37505803113195796,2.219880994413115,0.39613875000000337,2.9826533440958363,0.28313208333333245,1.4816700373922527,7.4707,2.0551322188294083,2.7956666666666483,1.2456274407499865,5.1559,1.5133689785979143,1.8802000000000036,1.1724900181047224,0.4211,1.8854650695795272,0.18866666666666118,similar_not_cosensitised
Mulberry,Peach,26,19,3,23,16,363,0.0848122398638728,3.281108961960026,0.1144261125489895,5.71836,1.7387923712738116,-2.71836,-1.5633608962803147,0.9731005379892402,0.1684856932807956,1.0,3,4,12,1,0.6813186813186813,0.5589567309312532,0.6875,0.4708333333333334,10,6.0,4,2.6666666666666665,1.7548748067543551,0.43147731000157774,2.707207881677844,0.36598039791700093,1.4589706897997279,0.37867750000000255,1.9031067355850007,0.26889541666666616,0.14159659180732892,6.5499,0.4181309591820812,2.391866666666659,-0.022659693735557426,4.4933,0.1412362744424919,1.6012666666666715,1.271928082526846,0.382,2.1275886616692605,0.16509999999999636,similar_not_cosensitised
Apple,Kiwi,20,12,1,19,11,374,0.0273811499368594,2.505016722408026,0.460093061792491,3.20944,1.3971595780010244,-2.20944,-1.581379847219127,0.984760304793904,0.5491749099267818,1.0,4,7,28,1,0.4239130434782608,0.3832367149758454,0.4625,0.3833333333333333,2,1.0,0,0.0,-0.5261593571542641,0.5118830696600946,-0.48429968450540667,0.42857449865816644,-0.19483395015675561,0.5067637500000048,0.0782429304348978,0.3723541666666656,-0.33313522904308573,14.1831,-0.3405647942643718,5.648433333333346,-0.3031089343427779,10.1134,-0.32223402555165054,3.8451333333333415,0.7278418163672282,0.6537,0.8921830339329286,0.36666666666667336,similar_not_cosensitised
Kiwi,Orange,12,23,1,11,22,371,0.0200404381599642,2.1536231884057973,0.5091442735222055,3.57306,1.450207652855273,-2.57306,-1.7742700467301868,0.991020179596408,0.6038687895263368,1.0,7,1,7,1,0.8073394495412844,0.4574083152414968,0.8125,0.35,35,11.666666666666666,27,9.0,3.3164970200652526,0.38672699858550924,1.9690042094166889,0.3275183413195263,2.647975069275602,0.30649375000000095,1.4479389963047267,0.2158912499999999,1.4932830142157396,4.0781,1.413361625538825,1.470233333333338,1.2910078539064587,2.8512,1.2492776109533978,1.0101333333333329,1.7674024273509943,0.2425,1.2612008319798131,0.09733333333333541,similar_not_cosensitised
Kiwi,Onion,12,12,0,12,12,381,-0.0305343511450381,1.2208,1.0,2.13696,1.1993172884603969,-2.13696,-1.7818137206570968,1.0,1.0,1.0,7,1,7,1,0.303030303030303,0.2738252086078173,0.2375,0.1541666666666666,0,0.0,0,0.0,-0.6721466716352102,0.38721016708508493,-0.8289029996263817,0.3277694167122044,-0.3614531615206057,0.3064437500000002,-0.6710505598213363,0.2160275000000006,-0.20505329381856968,3.8369,-0.21152236134796948,1.3805333333333374,-0.15554374201038185,2.5968,-0.16093498666530429,0.9193999999999997,1.7493110992516692,0.2463,1.260665995619512,0.098066666666669,similar_not_cosensitised
Banana,Cherry,22,13,1,21,12,371,0.0181602375166479,2.073488372093024,0.5216342411170604,3.68736,1.4770566104249363,-2.68736,-1.8194021684970287,0.992180156396872,0.617377234739812,1.0,2,4,8,1,0.8091603053435115,0.4694728298357853,0.85,0.4458333333333333,32,10.666666666666666,16,5.333333333333333,2.9974604419706665,0.40236238092609444,1.9416676198117158,0.34007933532898893,2.588940481871116,0.32873000000000185,2.2779306650690296,0.22965791666666646,1.204087983192457,5.0568,1.148208616307896,1.7978333333333387,0.6227674479676257,3.5549,0.6015105273238498,1.2456333333333354,1.6079535196434664,0.2789,1.1648550102064827,0.1101333333333352,similar_not_cosensitised
Banana,Peach,22,19,2,20,17,366,0.0498660406601814,2.554006968641115,0.2760223107506472,5.04462,1.6696433917456748,-3.04462,-1.8235151380539625,0.988640227195456,0.3551571475484245,1.0,2,4,8,1,0.8015267175572519,0.4646623450058564,0.85,0.4125,47,15.666666666666666,37,12.333333333333334,3.049836900443043,0.39886106224718376,1.9158232426460797,0.33841696281661326,2.638012837168064,0.3270325000000027,1.9421339883129156,0.22925583333333388,1.957544520476848,4.7699,1.839308390508803,1.711433333333337,1.759749931837556,3.3111,1.6919688487768196,1.1696333333333337,1.6023751546633997,0.2803,1.1426517692156788,0.1115000000000016,similar_not_cosensitised
Cherry,Kiwi,13,12,0,13,12,380,-0.03182167167157,1.1274074074074074,1.0,2.27808,1.2319056431399278,-2.27808,-1.8492325387791413,1.0,1.0,1.0,4,7,28,1,0.8256880733944955,0.5630393416951055,0.8375,0.5791666666666667,37,14.333333333333334,28,9.333333333333334,1.909730118208436,0.5124012906435949,1.4743070716021136,0.428913801630493,1.457045927407212,0.5093700000000001,1.5060577524821352,0.37236958333333375,0.6487299539029563,13.8759,0.6597082685729929,5.508933333333346,0.5601528049196897,9.8227,0.4808765301560222,3.7229333333333203,0.7201408788185005,0.6585,1.8892600430123156,0.36853333333333854,similar_not_cosensitised
Soybean,Tomato,16,19,1,15,18,371,0.0149491372415878,1.943330427201395,0.5433200838162028,3.92324,1.526377378763195,-2.92324,-1.915148927566436,0.994020119597608,0.6389990922869806,1.0,7,2,14,1,0.8320610687022901,0.5114503816793893,0.875,0.4291666666666666,47,15.666666666666666,34,11.333333333333334,2.6417037298948283,0.4433652755858113,1.795479274818686,0.37549839683916386,2.2094684856478692,0.39877125000000263,1.2861540436657977,0.2846562499999996,1.4956246296550535,7.4826,1.3767391853960975,2.775666666666653,1.213085113971299,5.1794,1.1536827374078165,1.8670999999999978,1.1567572971329914,0.4277,0.5469093889343538,0.19289999999999455,similar_not_cosensitised
Banana,Peanut,22,14,1,21,13,370,0.0142826439654583,1.9147286821705427,0.548481299013552,3.9128,1.5189720734760075,-2.9128,-1.9176126084624872,0.994480110397792,0.6414252910551388,1.0,2,12,24,1,0.7862595419847328,0.4826866762009125,0.8625,0.4125,30,10.0,22,7.333333333333333,1.8337140571296355,0.4908779503951586,0.7354635050161705,0.41463917790272553,1.7085170733163286,0.4761787500000052,0.45388355491801036,0.3497474999999993,0.5537842929844147,11.7954,0.4213297093894919,4.772300000000003,0.4612235329560002,8.2889,0.3852666016897099,3.2065333333333252,0.8298305308286179,0.5922,0.03650721460093841,0.3213666666666717,similar_not_cosensitised
Apple,Soybean,20,16,1,19,15,370,0.0122783150037081,1.8387096774193548,0.5622498212745984,4.0787,1.546850448492031,-3.0787000000000004,-1.9903022965156807,0.995220095598088,0.6557633050624735,1.0,4,7,28,1,0.5443037974683544,0.4227389469822051,0.6,0.3583333333333333,9,3.0,7,2.333333333333333,0.18116005426062912,0.5141189500359644,-0.07313825091207334,0.4295377218439681,0.39117856611943197,0.5109400000000035,-0.10829112155908328,0.373437083333334,-0.14608139727875505,14.5239,-0.19578070991272917,5.77463333333337,-0.09885122743566571,10.416,-0.13039776994641752,3.9564333333333335,0.7193404498933779,0.659,-0.10785865127884595,0.36950000000000544,similar_not_cosensitised
Banana,Strawberry,22,21,2,20,19,364,0.0422175724160523,2.279549718574109,0.3180326493383004,5.45178,1.7235297594181525,-3.4517800000000003,-2.002738845173923,0.992960140797184,0.4027456349408274,1.0,2,3,6,1,0.7938931297709924,0.4543184982476355,0.8625,0.4125,37,12.333333333333334,27,9.0,3.3613380444925802,0.37804947447803244,2.1489824567559586,0.3196108429992991,3.0470152461653326,0.29424000000000294,2.39837801597976,0.20466583333333305,2.210906628216422,3.359,2.101055358397972,1.1871333333333365,1.9432638957544568,2.2196,1.884099822306465,0.7741666666666661,1.8742025981897934,0.2216,1.455333071692415,0.08513333333333509,similar_not_cosensitised
Kiwi,Peach,12,19,0,12,19,374,-0.0387683659219518,0.7682051282051282,1.0,3.07632,1.3817435571045742,-3.07632,-2.2264044468905566,1.0,1.0,1.0,7,4,28,1,0.8348623853211009,0.5786537621400006,0.8375,0.5375,36,14.333333333333334,28,11.0,1.9638870032624711,0.5113351045688745,1.6406786429977454,0.42809873642102436,1.4622850101233806,0.5074500000000013,1.2041755926666566,0.37112375000000064,0.603479677249755,13.8243,0.6462576665336139,5.496566666666692,0.5355105906382069,9.8856,0.6006954274038093,3.747766666666666,0.7233458688632453,0.6565,0.8962010491607888,0.3666333333333395,similar_not_cosensitised
Banana,Tomato,22,19,1,21,18,365,-0.0016537207361794,1.3783783783783785,0.6625135931340822,5.04704,1.6807222371349768,-4.04704,-2.4079172099839283,0.999060018799624,0.7631830097499387,1.0,2,2,4,1,0.7709923664122137,0.4529262086513995,0.85,0.3875,29,9.666666666666666,18,6.0,3.8594126465067613,0.349161541075688,2.9601232427649498,0.2899099889475262,3.6615930117996625,0.2495350000000011,3.0070423744532797,0.16977916666666665,1.7718471910670295,2.2946,1.727055311548911,0.7873666666666651,1.226704795950358,1.5777,1.2072891477926824,0.5368333333333339,2.367492305174284,0.1514,2.0699386212165467,0.054733333333332676,similar_not_cosensitised
Peach,Soybean,19,16,0,19,16,370,-0.0449954229845812,0.5757575757575758,1.0,3.91462,1.5171058814730098,-3.91462,-2.5803208911161573,1.0,1.0,1.0,4,7,28,1,0.8473282442748091,0.6141352000372196,0.9,0.5791666666666667,60,22.0,51,18.33333333333333,2.0543721290190144,0.5112784114207474,2.054161766114901,0.42789463447653736,1.746432165559481,0.5089687500000054,1.5283093323357444,0.3710187500000007,1.3599687794923752,13.3164,1.295387957209898,5.294333333333373,1.3341177285084236,9.2984,1.3140156575624935,3.5290666666666484,0.7163017611613282,0.6609,0.9097585123010875,0.3654666666666718,similar_not_cosensitised
Hazelnut,Strawberry,16,21,0,16,21,368,-0.0474273900449745,0.5193798449612403,1.0,4.23334,1.565762575999311,-4.23334,-2.70369215926506,1.0,1.0,1.0,12,3,36,1,0.6729559748427673,0.5460655816409813,0.6875,0.5333333333333333,5,2.0,0,0.0,0.790121522913571,0.5395981831550718,0.9295742667703032,0.4516946521260257,0.6044244636414171,0.5522387500000039,0.7986497794415435,0.4133770833333344,-0.3105038376339431,17.2391,-0.34114247875776754,7.209600000000045,-0.3422969861790183,12.3447,-0.3674079945606677,4.866466666666683,0.5949057135506128,0.7386,0.5671467154883749,0.46236666666666726,similar_not_cosensitised
