metric,n,rho,p,rho_partial_setsize,loao_min,loao_max,loao_worst_entry
z_same_family_max,524,0.31096196065716686,3.275309533637301e-13,0.3044148010925944,0.27260054174199877,0.35555803985143536,Shellifish
z_same_family_top3,525,0.30382282933453264,1.1296815290116298e-12,0.29752431341293717,0.2683874675805752,0.3449159668800221,Shellifish
z_window80_max,524,0.23114922787289593,8.734906248020856e-08,0.22136989300371906,0.19758451639613142,0.28070741462180315,Shellifish
z_window80_top3,525,0.20097233973346854,3.4619672092749825e-06,0.19070039674020392,0.17474564153330033,0.24650055723645295,"Cow Milk, UHT"
z_kmer6_max,525,0.19343817878491132,8.04846560072006e-06,0.18561963141324297,0.15781989065387053,0.24156005257679972,Shellifish
z_kmer6_top3,525,0.19077599966998043,1.0760667868044487e-05,0.1813538091277136,0.15517007283197473,0.2381644320669845,Shellifish
z_kmer8_max,525,0.16629924387631323,0.00012918915292714782,0.15630938864654875,0.12977572665628864,0.21507739730891276,Shellifish
z_kmer8_top3,525,0.16066307350165868,0.00021857579516867829,0.14863227064621304,0.12501919400384745,0.20873652216649116,Shellifish
z_identity_global_max,524,0.09582700415168391,0.028279177515053912,0.08575941748646536,0.03779541911402108,0.1322736699278649,Shellifish
z_identity_global_top3,525,0.08266484112820374,0.05838242479447898,0.07993090841990988,0.02820685453961561,0.13053587634667904,Shellifish
